iter,steps,eta_val,eta_train,reward,policy_loss,value_loss,entropy,approx_kl,clip_frac,ratio_max,ratio_bound,epsilon,sps,fluid_solve_count,fluid_cache_hit,zeta,phi_star_mean,a_f_mean,elapsed_s
0,5364,0.0725,0.2867,-0.43564,-0.001134,0.010555,1.21285,0.003075,0.093697,1.558389,66.667,0.3,32.3,3496,1876,0.6508,0.681,3.849,170.9
1,7795,,0.11435,-0.80895,-0.000108,0.002561,1.172184,0.002479,0.012061,1.353623,53.933,0.29667,32.58,1718,721,0.7044,0.678,3.635,245.6
2,10687,,0.18289,-0.66747,-0.001266,0.001748,1.221854,0.002815,0.024081,1.305039,61.364,0.29333,32.25,2040,860,0.7034,0.7203,3.812,335.3
3,13966,,0.21314,-0.60862,-0.001193,0.00184,1.17779,0.001681,0.015735,1.347136,55.172,0.29,32.02,2293,994,0.6976,0.6674,3.631,437.7
4,16120,,0.19031,-0.64306,0.000101,0.002259,1.307399,0.00088,0.0,1.119403,101.163,0.28667,32.87,1503,659,0.6952,0.6454,4.247,503.2
5,19524,,0.15828,-0.71182,-0.004074,0.001246,1.1957,0.006511,0.039844,1.422542,60.0,0.28333,32.61,2388,1024,0.6999,0.6581,3.724,607.6
6,22651,,0.21605,-0.59832,-6.9e-05,0.00199,1.193121,0.003335,0.032775,1.542062,78.571,0.28,32.16,2078,1057,0.6628,0.6286,3.754,704.9
7,25228,,0.18207,-0.66279,-0.011207,0.001617,1.225481,0.009047,0.050799,1.490859,65.06,0.27667,31.63,1760,825,0.6809,0.6474,3.909,786.4
8,29157,,0.25495,-0.5064,-0.002633,0.001093,1.128306,0.002827,0.029854,1.551574,76.829,0.27333,32.62,2725,1212,0.6922,0.7166,3.467,906.8
9,32340,,0.19538,-0.63494,-0.001849,0.001682,1.212899,0.002752,0.029575,1.548146,62.963,0.27,32.32,2279,912,0.7142,0.6843,3.877,1005.3
10,35786,0.5225000000000001,0.13851,-0.75262,-0.000185,0.001522,1.243255,0.003217,0.036274,1.542952,78.75,0.26667,31.86,2390,1064,0.692,0.5808,4.006,1129.2
11,39260,,0.26147,-0.49996,-0.001715,0.002174,1.171183,0.004293,0.031105,2.17082,106.329,0.26333,32.39,2325,1157,0.6677,0.7069,3.682,1236.5
12,42376,,0.14773,-0.72629,-0.000707,0.001473,1.238524,0.000704,0.011013,1.496346,73.077,0.26,32.19,2189,935,0.7007,0.6454,3.953,1333.3
13,45588,,0.25857,-0.52302,0.00215,0.001624,1.144111,0.004988,0.046675,1.545313,70.13,0.25667,32.35,2168,1052,0.6733,0.6978,3.529,1432.6
14,48435,,0.33831,-0.33442,-0.00483,0.00217,1.166909,0.001995,0.03728,1.455323,82.895,0.25333,32.32,1974,881,0.6914,0.769,3.654,1520.7
15,51674,,0.20227,-0.62429,-0.00522,0.001367,1.196678,0.003475,0.059279,1.513328,80.0,0.25,32.29,2174,1073,0.6695,0.6228,3.822,1621.0
16,54410,,0.17483,-0.6658,-0.007009,0.001576,1.186914,0.004286,0.029317,1.307623,68.919,0.24667,32.05,1917,827,0.6986,0.6977,3.749,1706.4
17,58417,,0.27252,-0.4665,-0.000916,0.00156,1.15966,0.003696,0.04613,1.30438,106.849,0.24333,32.42,2788,1227,0.6944,0.6762,3.723,1830.0
18,61986,,0.24633,-0.52449,-0.001601,0.001054,1.172375,0.003878,0.029576,1.378213,108.333,0.24,32.11,2545,1032,0.7115,0.6229,3.731,1941.2
19,64280,,0.21276,-0.59083,-0.001734,0.002137,1.140528,0.004329,0.050565,1.624326,54.93,0.23667,32.33,1689,613,0.7337,0.6811,3.567,2012.1
20,67579,0.6000000000000001,0.25919,-0.49616,-0.004679,0.001926,1.131075,0.003627,0.073481,1.522129,102.857,0.23333,32.12,2277,1030,0.6885,0.6817,3.603,2130.8
21,71627,,0.37312,-0.27533,-0.003613,0.001485,1.105478,0.004777,0.048356,1.523617,95.652,0.23,32.36,2798,1258,0.6898,0.7069,3.464,2255.9
22,75066,,0.33702,-0.34615,-0.005084,0.001209,1.109015,0.005421,0.078026,1.485347,101.471,0.22667,32.58,2426,1021,0.7038,0.7066,3.515,2361.5
23,78016,,0.25224,-0.51331,0.009355,0.002335,1.109464,0.002657,0.053928,1.374515,80.597,0.22333,31.7,2204,754,0.7451,0.7078,3.531,2454.6
24,80902,,0.3213,-0.3864,-0.000965,0.00172,1.091669,0.003354,0.031418,1.419232,63.636,0.22,31.84,2098,796,0.7249,0.6967,3.449,2545.2
25,83428,,0.12683,-0.76526,-0.002613,0.001541,1.180545,0.002061,0.028737,1.383152,87.692,0.21667,31.75,1899,635,0.7494,0.6704,3.756,2624.8
26,87370,,0.30576,-0.3944,-0.002565,0.00193,1.112374,0.003986,0.048807,1.391927,70.312,0.21333,32.79,2689,1261,0.6808,0.6446,3.517,2745.0
27,90716,,0.22616,-0.5793,-0.005611,0.001302,1.163325,0.003084,0.025709,1.536227,109.524,0.21,32.23,2352,1002,0.7013,0.6402,3.775,2848.9
28,92878,,0.16624,-0.68605,-0.005339,0.002421,1.222139,0.003785,0.061304,1.389259,101.613,0.20667,32.63,1586,584,0.7309,0.6713,4.057,2915.1
29,95993,,0.23986,-0.5574,-0.001458,0.001246,1.157594,0.002133,0.045802,1.448487,108.197,0.20333,32.47,2293,830,0.7342,0.7023,3.758,3011.1
30,98784,0.6100000000000001,0.28578,-0.45344,-0.000829,0.002406,1.107303,-0.001481,0.039407,1.625728,90.0,0.2,32.84,2010,789,0.7181,0.6835,3.582,3108.9
31,101252,,0.16244,-0.68731,-0.004954,0.001682,1.175014,0.003487,0.074537,1.832754,137.288,0.19667,32.8,1861,615,0.7516,0.6186,3.946,3184.2
32,103836,,0.4036,-0.21469,0.003669,0.003059,1.03435,0.00101,0.068494,1.898432,67.241,0.19333,32.94,1889,703,0.7288,0.7911,3.395,3262.6
33,106373,,0.13172,-0.7687,-0.001662,0.001501,1.175603,0.0043,0.05066,1.329644,89.474,0.19,32.04,1827,718,0.7179,0.6175,3.817,3341.8
34,109164,,0.20162,-0.63628,-0.003858,0.001124,1.18584,0.004971,0.060653,1.492085,85.714,0.18667,33.0,2034,765,0.7267,0.633,3.842,3426.4
35,112875,,0.28735,-0.43582,-8.7e-05,0.000921,1.149038,0.003075,0.024717,1.321124,120.0,0.18333,32.16,2574,1145,0.6921,0.6638,3.665,3541.8
36,114991,,0.19397,-0.63014,-0.004081,0.002006,1.159711,0.005384,0.067438,1.740812,94.444,0.18,31.97,1517,607,0.7142,0.6336,3.769,3608.0
37,118241,,0.25028,-0.51703,-0.004976,0.001235,1.151588,0.006742,0.071222,1.544699,84.906,0.17667,31.88,2355,903,0.7228,0.6644,3.752,3710.0
38,121892,,0.30812,-0.40526,-0.000273,0.000984,1.07933,0.004489,0.053488,1.930443,92.308,0.17333,32.86,2576,1083,0.704,0.7282,3.51,3821.1
39,125727,,0.32247,-0.37446,-0.003545,0.000563,1.127584,0.001732,0.043011,1.457,100.0,0.17,32.71,2670,1173,0.6948,0.6059,3.739,3938.4
40,128433,0.53,0.30832,-0.38995,0.000978,0.001337,1.065248,0.001923,0.023674,1.240546,90.0,0.16667,32.28,1979,735,0.7292,0.7745,3.464,4032.8
41,131446,,0.19127,-0.64117,0.001982,0.001552,1.108379,0.001919,0.032069,2.441589,104.082,0.16333,32.72,2249,772,0.7445,0.6644,3.645,4124.9
42,133761,,0.19937,-0.63189,0.010171,0.002068,1.161373,0.007467,0.068431,1.51217,106.25,0.16,32.66,1718,605,0.7396,0.6796,3.878,4195.8
43,137310,,0.27981,-0.46784,-0.00071,0.001271,1.105227,0.002202,0.020601,3.981074,102.128,0.15667,32.15,2567,990,0.7217,0.7289,3.54,4306.1
44,139779,,0.16545,-0.68637,-0.005882,0.001551,1.151292,0.004269,0.05681,1.396308,156.522,0.15333,32.25,1858,619,0.7501,0.6529,3.755,4382.8
45,142305,,0.14552,-0.73262,-0.002208,0.001155,1.151797,0.00163,0.031413,1.410456,93.333,0.15,32.86,1885,649,0.7439,0.6718,3.807,4459.6
46,146168,,0.28297,-0.46095,-0.006514,0.000869,1.05794,0.006304,0.070886,1.493028,88.636,0.14667,32.69,2887,984,0.7458,0.6975,3.42,4577.8
47,148711,,0.14243,-0.74884,-0.003668,0.000924,1.065908,0.00579,0.110315,1.447535,97.674,0.14333,32.42,1969,582,0.7719,0.6556,3.718,4656.3
48,150536,,0.29379,-0.43512,-0.003152,0.002908,1.132734,-0.001225,0.05313,1.576553,107.143,0.14,32.49,1340,493,0.731,0.6875,3.73,4712.5
49,152829,,0.30353,-0.41689,-0.004145,0.002977,1.10922,0.004857,0.060214,1.567463,109.756,0.13667,32.35,1655,646,0.7193,0.7399,3.585,4783.4
50,155063,0.5700000000000001,0.19616,-0.65438,-0.004959,0.003602,1.181881,0.004925,0.065254,1.785197,127.5,0.13333,32.46,1563,679,0.6971,0.6365,3.987,4868.7
51,157135,,0.26925,-0.50059,0.000933,0.001915,1.135869,0.006645,0.083691,2.109993,107.692,0.13,32.43,1491,589,0.7168,0.7287,3.701,4932.6
52,161308,,0.32226,-0.37316,-0.004118,0.001345,1.098706,0.004802,0.067835,1.560323,165.789,0.12667,32.53,2977,1204,0.712,0.7263,3.619,5060.9
53,163877,,0.27881,-0.47833,0.000706,0.001475,1.121136,0.002544,0.048639,1.769609,113.514,0.12333,32.33,1915,662,0.7431,0.7184,3.715,5140.3
54,166065,,0.26796,-0.47442,-0.014739,0.0017,1.13971,-0.00062,0.041281,1.813431,108.333,0.12,32.55,1529,667,0.6963,0.6913,3.718,5207.6
55,169781,,0.18681,-0.64914,-0.00816,0.001117,1.193697,0.002137,0.058333,1.65746,137.143,0.11667,32.29,2681,1043,0.7199,0.6371,4.01,5322.7
56,172623,,0.2789,-0.45935,-0.003312,0.001959,1.108877,0.003548,0.055889,1.401376,185.294,0.11333,32.0,2066,784,0.7249,0.6749,3.714,5411.5
57,174836,,0.25153,-0.51621,0.001231,0.002321,1.150727,0.002869,0.03473,1.410571,136.364,0.11,32.1,1588,633,0.715,0.6368,3.812,5480.5
58,178127,,0.31727,-0.37909,-0.002386,0.001473,1.077017,0.003575,0.051605,1.415768,168.75,0.10667,32.45,2298,1001,0.6966,0.7121,3.51,5581.9
59,180834,,0.28519,-0.44003,0.002011,0.001379,1.086688,0.005271,0.071608,1.599411,145.161,0.10333,32.26,1895,820,0.698,0.6363,3.655,5665.8
60,183100,0.68,0.22221,-0.57893,-0.003468,0.001732,1.045791,0.004634,0.076431,1.490092,130.0,0.1,31.64,1784,490,0.7845,0.682,3.645,5754.2
61,186886,,0.31998,-0.37105,-0.000152,0.001046,1.053537,0.002807,0.054293,1.513736,186.207,0.09667,32.0,2748,1046,0.7243,0.7357,3.492,5872.5
62,190300,,0.32147,-0.36437,-0.002582,0.001069,1.074593,0.005133,0.049804,1.579267,182.143,0.09333,32.61,2412,1010,0.7049,0.6762,3.635,5977.2
63,192549,,0.22181,-0.56292,-0.001807,0.001673,1.030683,0.007109,0.098635,2.196615,233.333,0.09,32.43,1696,561,0.7514,0.7005,3.698,6046.6
64,195735,,0.34313,-0.31274,-0.002957,0.00104,1.033317,0.004697,0.048967,2.473905,207.692,0.08667,32.66,2308,886,0.7226,0.726,3.462,6144.1
65,198019,,0.32021,-0.37816,-0.00184,0.002098,1.071158,0.004781,0.053407,1.373776,192.0,0.08333,31.81,1680,612,0.733,0.6894,3.647,6216.0
66,200847,,0.31359,-0.39471,0.008844,0.001508,1.023758,0.003032,0.076578,1.664677,162.5,0.08,32.41,1988,848,0.701,0.6776,3.471,6303.2
67,204758,,0.4134,-0.17825,-0.002898,0.001318,0.947341,0.007824,0.121073,1.757473,156.522,0.07667,32.34,2807,1112,0.7163,0.7765,3.238,6424.2
68,208890,,0.36595,-0.29613,-0.003312,0.00087,0.942609,0.003101,0.08898,1.649961,177.273,0.07333,31.75,3065,1075,0.7403,0.7046,3.426,6554.3
69,211778,,0.24982,-0.53038,-0.002895,0.00145,0.998063,0.005538,0.054763,1.662935,228.571,0.07,32.54,2160,736,0.7459,0.6318,3.56,6643.1
70,215024,0.6174999999999999,0.41693,-0.17845,-0.001575,0.00124,0.951829,0.002636,0.056051,1.933269,180.0,0.06667,32.07,2405,849,0.7391,0.7437,3.313,6757.7
71,218320,,0.30581,-0.40067,-0.002647,0.001534,0.991528,0.008374,0.066607,1.982888,284.211,0.06333,32.66,2391,913,0.7237,0.7046,3.675,6858.6
72,221607,,0.34349,-0.32808,-0.002888,0.001684,0.936584,0.007424,0.053322,1.855641,316.667,0.06,32.23,2398,897,0.7278,0.6841,3.456,6960.6
73,224019,,0.40324,-0.19917,-0.001951,0.001718,0.97008,0.005704,0.08874,2.939507,317.647,0.05667,32.43,1763,657,0.7285,0.6834,3.729,7035.0
74,227111,,0.23507,-0.54469,-0.004653,0.001681,0.982764,0.008298,0.119396,2.915438,318.75,0.05333,31.89,2347,753,0.7571,0.6682,3.715,7132.1
75,230072,,0.34139,-0.33764,-0.000939,0.001302,0.969306,0.006437,0.06453,2.341506,280.0,0.05,32.12,2194,775,0.739,0.7118,3.431,7224.3
76,233414,,0.30874,-0.38877,-0.00441,0.001384,1.009087,0.005983,0.068797,1.820372,364.286,0.04667,32.05,2460,890,0.7343,0.6732,3.665,7328.5
77,236588,,0.25686,-0.49493,-0.0023,0.001539,0.991916,0.007272,0.075121,1.956995,369.231,0.04333,32.49,2420,762,0.7605,0.7335,3.623,7426.3
78,240371,,0.37876,-0.2554,-0.001534,0.000951,0.936845,0.005774,0.062241,2.079446,325.0,0.04,32.43,2774,1017,0.7317,0.7011,3.481,7542.9
79,243548,,0.38406,-0.24053,-0.002036,0.001528,0.980202,0.006113,0.048747,2.019038,518.182,0.03667,32.26,2283,902,0.7168,0.7053,3.467,7641.4
80,247998,0.6375,0.43511,-0.14571,-0.001843,0.001365,0.921758,0.007387,0.066817,2.050694,510.0,0.03333,32.53,3211,1247,0.7203,0.7519,3.468,7793.7
81,251200,,0.34262,-0.33156,-0.00317,0.001612,0.889149,0.005516,0.061098,2.141147,466.667,0.03,31.86,2418,792,0.7533,0.7788,3.582,7894.2
82,255309,,0.35226,-0.30627,-0.003166,0.001285,0.872348,0.005936,0.062148,2.161862,450.0,0.02667,31.98,3091,1026,0.7508,0.7465,3.402,8022.7
83,259963,,0.48725,-0.03679,0.002121,0.001145,0.883559,0.007685,0.063794,2.870934,600.0,0.02333,32.66,3204,1458,0.6873,0.7106,3.343,8165.2
84,262196,,0.41016,-0.17511,-0.003204,0.001526,0.918707,0.00711,0.066434,2.344323,550.0,0.02,32.08,1641,600,0.7323,0.7455,3.481,8234.8
85,266691,,0.43984,-0.12421,-0.002225,0.000958,0.902895,0.006368,0.053829,2.652869,720.0,0.01667,31.77,3247,1256,0.7211,0.7345,3.387,8376.3
86,270572,,0.35919,-0.29336,-0.003265,0.001199,0.970408,0.006521,0.048869,2.94308,1275.0,0.01333,32.35,2866,1023,0.737,0.6995,3.653,8496.3
87,273943,,0.46174,-0.08895,-0.000729,0.00134,0.910596,0.005398,0.050906,2.022543,1300.0,0.01,32.26,2429,950,0.7189,0.7421,3.454,8600.8
88,277271,,0.38486,-0.22312,-0.001272,0.001296,0.936862,0.002313,0.02514,1.857983,2100.0,0.00667,32.51,2450,886,0.7344,0.7752,3.625,8703.2
89,279934,,0.33718,-0.34184,-0.003819,0.001611,0.928459,0.003121,0.065504,1.55263,6300.0,0.00333,32.56,1951,720,0.7304,0.695,3.697,8785.0
90,283384,0.6649999999999999,0.45595,-0.1056,-0.000722,0.00209,0.863378,0.006893,0.063491,1.981879,13000.0,0.001,32.08,2523,935,0.7296,0.754,3.429,8910.2
91,287514,,0.32651,-0.33529,-0.002765,0.001093,0.926388,0.01053,0.07307,3.112093,19000.0,0.001,32.49,2990,1148,0.7226,0.7509,3.827,9037.3
92,292403,,0.55237,0.10365,-0.001853,0.001154,0.831996,0.005769,0.05523,1.964037,22000.0,0.001,32.49,3455,1442,0.7055,0.7426,3.449,9187.8
93,296094,,0.32381,-0.35293,-0.001766,0.001358,0.838517,0.007483,0.056891,3.769955,17000.0,0.001,32.1,2810,889,0.7597,0.7765,3.623,9302.8
94,299706,,0.42619,-0.16066,-0.00485,0.001821,0.823693,0.006519,0.067849,2.340227,20000.0,0.001,31.74,2696,924,0.7448,0.7867,3.653,9416.7
95,304681,,0.55178,0.09047,-0.001487,0.000972,0.739793,0.010219,0.074291,2.874179,17000.0,0.001,32.68,3568,1415,0.716,0.78,3.482,9568.9
96,307249,,0.38631,-0.25075,0.00981,0.002004,0.816598,0.003193,0.041419,2.09802,18000.0,0.001,31.94,1944,632,0.7547,0.7052,3.791,9649.3
97,310953,,0.42918,-0.14778,-0.003915,0.001595,0.73185,0.008117,0.075425,3.439433,15000.0,0.001,31.76,2690,1022,0.7247,0.7679,3.405,9766.0
98,314368,,0.41914,-0.1759,-0.000684,0.002321,0.778271,0.006377,0.065979,2.008533,16000.0,0.001,32.4,2506,917,0.7321,0.7494,3.562,9871.4
99,318185,,0.34218,-0.33098,-0.000917,0.001605,0.780442,0.007596,0.073481,2.622041,20000.0,0.001,32.41,2768,1057,0.7237,0.6813,3.955,9989.2
100,322164,0.65,0.49623,-0.0125,0.001763,0.001436,0.696216,0.002957,0.063795,3.161488,15000.0,0.001,32.52,2777,1210,0.6965,0.7277,3.5,10130.1
101,326390,,0.52092,0.04803,0.004107,0.001154,0.711027,0.005671,0.08295,3.93421,13000.0,0.001,32.79,3008,1226,0.7104,0.7393,3.628,10259.0
102,331316,,0.53563,0.05412,-0.001719,0.001008,0.69682,0.013159,0.08768,3.363925,15000.0,0.001,32.66,3451,1483,0.6994,0.7736,3.504,10409.8
103,335653,,0.55934,0.10945,0.000958,0.000968,0.739571,0.006841,0.074228,2.872001,20000.0,0.001,32.34,2948,1397,0.6785,0.7159,3.539,10543.9
104,340082,,0.51943,0.03647,-0.00177,0.00109,0.717772,0.009452,0.084813,3.041641,17000.0,0.001,33.09,3146,1291,0.709,0.791,3.668,10677.8
105,343102,,0.28259,-0.4457,-0.003476,0.001518,0.737386,0.007606,0.113521,2.651858,16000.0,0.001,32.9,2394,634,0.7906,0.7894,3.916,10769.6
106,346036,,0.41369,-0.17526,-0.001837,0.002234,0.789512,0.005635,0.061947,4.79337,19000.0,0.001,32.51,2211,731,0.7515,0.7487,4.146,10859.8
107,350505,,0.46009,-0.07754,-0.001428,0.000889,0.665523,0.007467,0.075561,2.816627,25000.0,0.001,32.74,3058,1419,0.683,0.7497,3.786,10996.4
108,355023,,0.46838,-0.09728,-0.001325,0.001128,0.666926,0.008149,0.076937,3.044909,18000.0,0.001,32.8,3094,1432,0.6836,0.7232,3.701,11134.1
109,359209,,0.43705,-0.12896,0.000476,0.000824,0.682123,0.008373,0.077911,4.426422,15000.0,0.001,32.84,3025,1169,0.7213,0.7838,4.047,11261.6
110,363104,0.6649999999999999,0.45569,-0.09513,-0.002233,0.001303,0.692049,0.00582,0.080499,5.006845,21000.0,0.001,32.9,2707,1196,0.6936,0.7394,3.802,11397.8
111,368795,,0.46879,-0.08114,7.3e-05,0.000761,0.646587,0.004044,0.059791,2.728924,16000.0,0.001,32.75,3905,1794,0.6852,0.7124,3.639,11571.7
112,373917,,0.52837,0.0287,0.004201,0.000769,0.664086,0.007901,0.051702,2.383073,19000.0,0.001,33.02,3460,1670,0.6745,0.7846,3.686,11726.8
113,376873,,0.36787,-0.26733,-0.011738,0.001342,0.753303,0.003111,0.05013,2.697362,16000.0,0.001,32.96,2014,950,0.6795,0.6721,3.977,11816.5
114,380008,,0.38604,-0.24216,0.001321,0.001321,0.638927,0.007496,0.059125,2.460073,15000.0,0.001,33.12,2248,895,0.7152,0.7532,3.727,11911.2
115,383798,,0.41746,-0.16236,-0.002169,0.001637,0.662059,0.009883,0.060657,2.397913,14000.0,0.001,32.43,2686,1112,0.7072,0.7728,3.801,12028.0
116,386932,,0.32336,-0.33367,-0.003198,0.001694,0.673618,0.011389,0.078323,3.636116,16000.0,0.001,32.34,2278,864,0.725,0.8211,3.833,12125.0
117,391906,,0.60047,0.1974,0.000873,0.001446,0.543261,0.006732,0.067803,5.398124,26000.0,0.001,32.44,3381,1601,0.6786,0.8132,3.763,12278.3
118,395712,,0.42649,-0.14945,-0.001963,0.00165,0.624304,0.004105,0.061503,5.83106,24000.0,0.001,32.34,2607,1207,0.6835,0.7128,3.88,12396.0
119,400569,,0.41955,-0.17046,0.001213,0.001879,0.643483,0.009166,0.092099,5.197368,17000.0,0.001,32.26,3425,1440,0.704,0.7989,4.094,12546.6
120,406483,0.6425000000000001,0.54364,0.09089,0.000337,0.001023,0.541862,0.006375,0.070688,3.954556,20000.0,0.001,32.11,3975,1947,0.6712,0.756,3.589,12747.8
121,411119,,0.52941,0.04404,0.001152,0.001566,0.609577,0.004909,0.055351,3.593397,20000.0,0.001,32.26,3279,1365,0.7061,0.8182,3.791,12891.5
122,416782,,0.52764,0.04221,0.000965,0.000968,0.572959,0.006497,0.064781,3.98201,17000.0,0.001,32.31,3862,1809,0.681,0.7634,3.696,13066.8
123,422103,,0.60573,0.20559,0.00119,0.001606,0.592341,0.005533,0.060954,3.455336,18000.0,0.001,32.71,3520,1809,0.6605,0.7072,3.612,13229.5
124,425941,,0.37603,-0.24936,0.0,0.001602,0.607322,0.00891,0.056537,4.597807,16000.0,0.001,32.61,2811,1035,0.7309,0.7042,3.923,13347.2
125,430615,,0.65486,0.28744,-5.3e-05,0.00147,0.505727,0.006062,0.053386,3.797331,18000.0,0.001,32.55,3303,1379,0.7055,0.8185,3.576,13490.8
126,433365,,0.44749,-0.10897,-0.001185,0.002745,0.515054,0.002891,0.037363,2.790392,17000.0,0.001,32.51,2049,709,0.7429,0.7906,3.768,13575.4
127,438560,,0.61472,0.22011,-0.0012,0.000923,0.506389,0.011439,0.070459,5.556132,17000.0,0.001,31.69,3716,1487,0.7142,0.8165,3.777,13739.4
128,442528,,0.41919,-0.18622,-0.000628,0.00144,0.510268,0.006474,0.062752,3.667945,19000.0,0.001,32.98,2860,1116,0.7193,0.7283,3.696,13859.7
129,447443,,0.47894,-0.05943,0.000704,0.001043,0.580961,0.00634,0.067249,3.937614,18000.0,0.001,32.27,3313,1610,0.673,0.6324,3.601,14012.0
130,450813,0.6924999999999999,0.60238,0.19121,-0.000507,0.00152,0.524867,0.002822,0.045943,6.565755,15000.0,0.001,32.02,2571,807,0.7611,0.8471,3.6,14133.9
131,455889,,0.45404,-0.10422,0.007076,0.000838,0.566649,0.006069,0.06565,12.327314,20000.0,0.001,32.84,3486,1598,0.6857,0.7546,3.89,14288.5
132,460179,,0.52101,0.0259,0.001376,0.001376,0.530305,0.007609,0.057591,5.832961,16000.0,0.001,32.24,3007,1291,0.6996,0.7835,3.642,14421.6
133,464709,,0.57261,0.14129,0.000229,0.001014,0.620389,0.009805,0.085229,4.699061,16000.0,0.001,32.67,3139,1399,0.6917,0.7576,3.782,14560.2
134,469350,,0.45482,-0.10319,-0.004485,0.001003,0.650548,0.007142,0.064129,3.316602,15000.0,0.001,32.8,3345,1304,0.7195,0.7381,3.734,14701.8
135,473567,,0.51482,0.0229,-0.001931,0.001217,0.598083,0.004296,0.055614,3.331476,13000.0,0.001,32.18,2966,1259,0.702,0.7484,3.45,14832.8
136,475876,,0.48123,-0.0524,-0.011036,0.002593,0.561221,3.4e-05,0.031113,3.47876,18000.0,0.001,32.99,1652,665,0.713,0.8001,3.474,14902.8
137,480427,,0.5566,0.10941,-5e-05,0.000976,0.525931,0.005468,0.051651,4.142717,12000.0,0.001,32.2,3353,1206,0.7355,0.7948,3.453,15044.2
138,483473,,0.49063,-0.03089,-0.001439,0.00153,0.526432,0.008669,0.052583,2.72904,14000.0,0.001,32.03,2373,681,0.777,0.8388,3.631,15139.3
139,489561,,0.55504,0.10658,-0.003031,0.000883,0.567965,0.007584,0.062229,4.90726,19000.0,0.001,32.51,4268,1828,0.7001,0.7487,3.388,15326.6
140,493207,0.6900000000000001,0.54781,0.0949,-0.002917,0.001026,0.492706,0.007037,0.056727,2.731805,12000.0,0.001,32.97,2562,1092,0.7011,0.7839,3.436,15453.6
141,497244,,0.47643,-0.04295,0.000351,0.000884,0.493943,0.007227,0.065565,3.282753,13000.0,0.001,32.45,2886,1159,0.7135,0.7878,3.479,15578.0
142,503606,,0.63751,0.26479,0.001494,0.000618,0.443709,0.008023,0.071015,5.341777,14000.0,0.001,32.75,4408,1962,0.692,0.7857,3.42,15772.3
143,508001,,0.47249,-0.06756,-0.004051,0.000824,0.454259,0.010028,0.066876,13.140297,14000.0,0.001,32.02,3204,1199,0.7277,0.7446,3.592,15909.6
144,511685,,0.49063,-0.03154,-0.001044,0.001001,0.455044,0.008135,0.07532,4.292313,20000.0,0.001,32.36,2634,1058,0.7134,0.799,3.801,16023.4
145,515171,,0.60199,0.19514,-0.001799,0.000913,0.407993,0.007263,0.061601,7.377258,13000.0,0.001,32.07,2636,858,0.7544,0.8049,3.414,16132.1
146,519405,,0.50576,-0.00533,-0.003951,0.000982,0.409834,0.009413,0.077129,7.424944,13000.0,0.001,31.44,3030,1212,0.7143,0.785,3.543,16266.8
147,522995,,0.49854,-0.01329,-0.011402,0.001385,0.436046,0.007263,0.052113,2.510592,13000.0,0.001,32.34,2639,959,0.7335,0.7618,3.582,16377.8
148,527692,,0.42393,-0.1503,0.000185,0.000948,0.430835,0.009767,0.060645,3.239795,16000.0,0.001,32.07,3269,1436,0.6948,0.7068,3.692,16524.3
149,532088,,0.51665,0.03139,-0.000528,0.001178,0.403462,0.006002,0.049337,3.839429,14000.0,0.001,32.25,3384,1020,0.7684,0.7712,3.421,16660.6
150,536090,0.6975,0.45858,-0.08834,-0.004601,0.001919,0.379046,0.004396,0.069159,8.264061,12000.0,0.001,32.62,3178,832,0.7925,0.8288,3.608,16800.2
151,540407,,0.58138,0.13693,-8.9e-05,0.001222,0.362755,0.006883,0.055513,4.309045,11000.0,0.001,31.98,3135,1190,0.7249,0.8194,3.274,16935.3
152,544588,,0.50753,0.01183,-0.001601,0.001073,0.46466,0.006658,0.06744,3.942788,16000.0,0.001,32.24,2831,1358,0.6758,0.7042,3.525,17065.0
153,548596,,0.49446,-0.01353,0.0043,0.001097,0.440514,0.010187,0.059001,4.230144,15000.0,0.001,32.35,3041,975,0.7572,0.8133,3.69,17188.9
154,553016,,0.51631,0.02511,0.001309,0.001682,0.452086,0.008293,0.067634,6.253487,16000.0,0.001,32.39,3078,1350,0.6951,0.7911,3.53,17325.3
155,555964,,0.56614,0.13552,0.001636,0.001875,0.406352,0.005033,0.062826,3.980484,13000.0,0.001,32.3,2122,834,0.7179,0.803,3.5,17416.6
156,560407,,0.58117,0.16199,-0.001925,0.001349,0.4152,0.007347,0.053851,5.840828,15000.0,0.001,32.19,3203,1248,0.7196,0.7719,3.481,17554.7
157,563866,,0.37446,-0.25561,0.010703,0.001544,0.502057,0.010584,0.058997,7.383297,15000.0,0.001,32.23,2636,831,0.7603,0.7317,3.79,17662.0
158,568938,,0.5671,0.12161,-0.000818,0.000795,0.454241,0.008009,0.053841,3.320494,17000.0,0.001,32.26,3567,1513,0.7022,0.7782,3.496,17819.3
159,572828,,0.53756,0.07105,0.000749,0.000966,0.44394,0.006069,0.046841,3.093719,14000.0,0.001,32.15,2791,1107,0.716,0.7606,3.421,17940.3
160,577500,0.6625,0.53139,0.05986,0.000413,0.000875,0.455564,0.007572,0.061022,5.570812,13000.0,0.001,31.96,3363,1317,0.7186,0.8004,3.365,18101.8
161,582067,,0.54079,0.07711,3.1e-05,0.001561,0.440076,0.005071,0.054263,3.011805,18000.0,0.001,32.52,3308,1267,0.7231,0.7549,3.508,18242.3
162,584865,,0.4959,-0.03185,-0.000521,0.001953,0.463557,0.005141,0.053301,2.980788,14000.0,0.001,31.89,2096,710,0.747,0.7221,3.607,18330.1
163,587407,,0.50125,0.01106,0.000644,0.002325,0.399918,0.009708,0.067173,8.012816,11000.0,0.001,31.47,1992,558,0.7812,0.8496,3.387,18410.9
164,591478,,0.6864,0.36974,-0.001517,0.001792,0.403041,0.006849,0.061164,3.438185,14000.0,0.001,32.48,2894,1185,0.7095,0.7707,3.222,18536.2
165,596207,,0.50509,-0.00553,0.002669,0.001316,0.41484,0.006156,0.056859,4.933701,14000.0,0.001,32.47,3431,1306,0.7243,0.7202,3.455,18681.9
166,598439,,0.37156,-0.25091,-7.4e-05,0.001783,0.392948,0.003388,0.050347,4.185801,13000.0,0.001,33.01,1885,355,0.8415,0.845,3.805,18749.5
167,602132,,0.52744,0.03708,9.1e-05,0.001613,0.399338,0.006457,0.054587,4.148856,15000.0,0.001,32.57,2668,1033,0.7209,0.7448,3.722,18862.9
168,606740,,0.5599,0.10554,-0.001053,0.001092,0.374811,0.005746,0.0489,4.764246,13000.0,0.001,32.64,3465,1151,0.7506,0.7778,3.413,19004.1
169,611186,,0.48894,-0.02399,0.001057,0.000885,0.401144,0.004023,0.051195,2.769298,15000.0,0.001,32.37,3298,1156,0.7405,0.7613,3.381,19141.5
170,615737,0.6275000000000001,0.5794,0.16062,-0.000316,0.000983,0.427109,0.005143,0.061071,3.113278,14000.0,0.001,32.67,3216,1343,0.7054,0.7402,3.346,19294.8
171,618546,,0.52146,0.04566,-0.000433,0.001547,0.435729,0.007373,0.045571,2.56252,12000.0,0.001,32.67,2002,815,0.7107,0.7442,3.226,19380.8
172,623740,,0.48632,-0.04321,0.000214,0.000877,0.456162,0.007979,0.063195,5.468504,17000.0,0.001,32.57,3794,1408,0.7293,0.727,3.412,19540.3
173,627325,,0.42533,-0.1421,0.007943,0.001,0.442402,0.006653,0.047324,4.784788,11000.0,0.001,32.54,2934,659,0.8166,0.8288,3.572,19650.5
174,630691,,0.45615,-0.11226,0.001481,0.001518,0.45958,0.007401,0.056997,3.72899,13000.0,0.001,32.24,2443,931,0.7241,0.6895,3.394,19754.9
175,634127,,0.6302,0.26039,0.000127,0.001771,0.375669,0.00502,0.042935,3.348939,14000.0,0.001,32.62,2555,889,0.7419,0.8164,3.178,19860.2
176,636314,,0.40275,-0.20549,0.002083,0.002282,0.478507,0.003973,0.051255,4.593023,13000.0,0.001,32.61,1746,449,0.7954,0.7512,3.561,19927.3
177,639708,,0.41881,-0.18237,-0.001054,0.002014,0.484716,0.004622,0.049432,6.268418,13000.0,0.001,32.57,2616,786,0.769,0.7431,3.487,20031.5
178,642068,,0.52806,0.04103,-0.008357,0.002671,0.387644,0.005168,0.057781,1.747926,13000.0,0.001,32.38,1847,521,0.78,0.8421,3.186,20104.4
179,645078,,0.53734,0.06959,8.9e-05,0.001428,0.472888,0.003749,0.04042,3.788777,17000.0,0.001,32.4,2176,842,0.721,0.7077,3.449,20197.4
180,649631,0.625,0.57485,0.12865,0.000293,0.000742,0.417909,0.007341,0.046244,2.792788,13000.0,0.001,32.16,3437,1124,0.7536,0.7354,3.309,20352.6
181,653661,,0.60081,0.19708,-0.000586,0.001579,0.387666,0.006566,0.042935,4.790666,12000.0,0.001,32.2,3137,901,0.7769,0.797,3.202,20477.8
182,658697,,0.57293,0.14461,0.000981,0.000976,0.460642,0.009647,0.057315,13.941833,12000.0,0.001,32.23,3685,1359,0.7306,0.6884,3.185,20634.1
183,662667,,0.49884,-0.01831,0.013111,0.001674,0.477156,0.006786,0.05721,5.849591,14000.0,0.001,32.27,3290,688,0.827,0.8061,3.606,20757.2
184,666512,,0.50442,-0.00413,-0.004291,0.001252,0.46463,0.010879,0.054267,5.354881,11000.0,0.001,32.48,2899,954,0.7524,0.7348,3.307,20875.5
185,670103,,0.50595,0.008,9.7e-05,0.0011,0.482485,0.007953,0.063206,7.754169,15000.0,0.001,32.69,2749,850,0.7638,0.7498,3.473,20985.4
186,673547,,0.5028,0.00102,-0.002567,0.001401,0.546514,0.009655,0.064469,62.162457,12000.0,0.001,32.59,2730,722,0.7908,0.7742,3.509,21091.1
187,676492,,0.42986,-0.13807,0.025174,0.001781,0.487074,0.003343,0.061849,4.934132,11000.0,0.001,32.17,2386,567,0.808,0.7589,3.564,21182.7
188,679609,,0.39747,-0.22115,-0.001392,0.00128,0.493621,0.010258,0.062618,4.867312,16000.0,0.001,32.52,2388,737,0.7642,0.6618,3.565,21278.5
189,682941,,0.51152,0.00689,-0.012753,0.001122,0.432961,0.010093,0.066262,2.707254,13000.0,0.001,32.34,2578,762,0.7719,0.7154,3.346,21381.6
190,686593,0.6075,0.58868,0.16517,0.000385,0.001211,0.422148,0.009091,0.057181,15.203971,15000.0,0.001,32.26,2823,837,0.7713,0.7589,3.324,21508.5
191,689922,,0.5701,0.13278,0.004402,0.00114,0.368406,0.015385,0.054977,11.159057,11000.0,0.001,32.97,2661,676,0.7974,0.8053,3.345,21609.5
192,692778,,0.47377,-0.05246,-0.003547,0.001588,0.371695,0.00604,0.049592,3.009172,14000.0,0.001,31.94,2325,539,0.8118,0.7591,3.552,21698.9
193,696383,,0.43122,-0.13757,-0.001468,0.001137,0.394481,0.009546,0.057334,4.192727,15000.0,0.001,32.63,2915,698,0.8068,0.7828,3.615,21809.4
194,701592,,0.51663,0.00675,0.000669,0.000548,0.395008,0.010329,0.059191,8.091071,12000.0,0.001,32.51,3838,1379,0.7357,0.6866,3.205,21969.7
195,704455,,0.42593,-0.15421,-0.00268,0.000967,0.413257,0.011974,0.070125,68.699539,14000.0,0.001,31.69,2266,605,0.7893,0.6959,3.577,22060.0
196,708210,,0.56587,0.13173,0.002677,0.000762,0.372738,0.009287,0.052582,32.894115,14000.0,0.001,32.76,3056,707,0.8121,0.8035,3.364,22174.7
197,710936,,0.5157,0.02175,0.004085,0.001549,0.418349,0.015237,0.069135,6.622452,17000.0,0.001,32.59,2092,642,0.7652,0.7163,3.37,22258.3
198,715033,,0.53336,0.05265,0.010042,0.000907,0.359309,0.007355,0.052162,4.840589,15000.0,0.001,32.66,3336,769,0.8127,0.7779,3.267,22383.8
199,718088,,0.55552,0.09544,0.000593,0.001786,0.446196,0.01279,0.064309,5.361467,13000.0,0.001,32.54,2267,796,0.7401,0.6857,3.339,22477.7
200,722452,0.6074999999999999,0.48939,-0.03603,-0.005286,0.001061,0.481705,0.012989,0.08001,33.381912,17000.0,0.001,32.21,3264,1108,0.7466,0.6875,3.511,22625.9
201,725321,,0.51252,0.02079,0.001982,0.001497,0.406633,0.016442,0.080274,5.973844,15000.0,0.001,32.96,2236,641,0.7772,0.7392,3.507,22713.0
202,728869,,0.4642,-0.0857,-1e-06,0.001142,0.397157,0.007904,0.047793,3.213742,12000.0,0.001,32.23,2792,764,0.7852,0.7491,3.293,22823.1
203,732570,,0.57316,0.12774,0.001481,0.000811,0.293495,0.018451,0.071593,9.551547,12000.0,0.001,32.35,3091,618,0.8334,0.8303,3.252,22937.5
204,736864,,0.49835,-0.00806,-0.002058,0.00069,0.348621,0.006844,0.054797,4.286052,19000.0,0.001,32.88,3450,852,0.802,0.735,3.289,23068.1
205,739854,,0.43735,-0.14346,0.005193,0.001978,0.3829,0.018643,0.060603,6.079448,12000.0,0.001,32.11,2385,613,0.7955,0.7196,3.452,23161.2
206,743107,,0.45206,-0.10564,-0.001005,0.001584,0.316269,0.007189,0.054102,5.405868,14000.0,0.001,32.01,2715,546,0.8326,0.7647,3.434,23262.9
207,746328,,0.48812,-0.02377,0.003488,0.001329,0.347326,0.008804,0.047395,3.722562,18000.0,0.001,31.91,2726,503,0.8442,0.7901,3.461,23363.8
208,748960,,0.44495,-0.11881,-0.003597,0.002269,0.420678,0.009831,0.057691,4.4883,12000.0,0.001,32.08,2010,630,0.7614,0.6693,3.464,23445.9
209,752390,,0.47651,-0.04828,0.002248,0.00128,0.409218,0.011833,0.061377,70.623627,18000.0,0.001,32.12,2819,619,0.82,0.7367,3.582,23552.7
210,755547,0.6124999999999999,0.48894,-0.02212,-0.000277,0.001652,0.396683,0.013624,0.058707,14.483491,15000.0,0.001,32.03,2591,574,0.8186,0.7934,3.361,23664.3
211,758281,,0.40986,-0.19537,-0.005668,0.001543,0.454783,0.015351,0.057719,8.132951,18000.0,0.001,31.94,2347,395,0.8559,0.7625,3.71,23750.0
212,761173,,0.40358,-0.21318,0.003256,0.001338,0.430866,0.023609,0.094102,6.20037,12000.0,0.001,31.6,2332,568,0.8041,0.7572,3.262,23841.5
213,763644,,0.5464,0.06438,-0.003157,0.001673,0.321484,-0.000411,0.047653,5.897257,9000.0,0.001,32.47,2080,399,0.839,0.8518,3.047,23917.6
214,767187,,0.55018,0.09682,0.000576,0.001084,0.41308,0.004988,0.040376,5.334979,16000.0,0.001,32.22,2782,769,0.7834,0.7652,3.325,24027.6
215,769352,,0.50674,-0.01844,-0.003865,0.002376,0.431721,0.013931,0.059308,4.447851,14000.0,0.001,32.33,1626,547,0.7483,0.7154,3.279,24094.6
216,773445,,0.52027,0.0417,-0.001624,0.000802,0.424496,0.009244,0.060094,7.630178,14000.0,0.001,32.1,3220,881,0.7852,0.7342,3.408,24222.1
217,776022,,0.46403,-0.07352,0.00507,0.001644,0.394126,0.014347,0.074551,13.038047,12000.0,0.001,32.21,2189,396,0.8468,0.8257,3.513,24302.1
218,780564,,0.56135,0.11492,0.000214,0.000864,0.394263,0.007885,0.046474,7.15896,12000.0,0.001,32.29,3575,975,0.7857,0.7918,3.222,24442.8
219,783442,,0.4745,-0.05352,0.004081,0.00104,0.518044,0.007547,0.045739,8.95735,17000.0,0.001,31.9,2140,746,0.7415,0.6677,3.567,24533.1
220,787548,0.6475,0.48478,-0.02721,0.050462,0.000866,0.43165,0.011257,0.064773,159.367874,15000.0,0.001,32.27,3238,876,0.7871,0.7602,3.393,24673.7
221,791204,,0.46613,-0.07808,-0.002004,0.001311,0.47972,0.015934,0.065902,3.862662,18000.0,0.001,31.84,2938,726,0.8019,0.7653,3.425,24788.5
222,794349,,0.40679,-0.20251,0.002475,0.001529,0.528308,0.031068,0.064041,3.937222,14000.0,0.001,31.29,2534,619,0.8037,0.7246,3.689,24889.1
223,797963,,0.47471,-0.06017,-0.001428,0.001236,0.483147,0.015522,0.05604,3.515314,15000.0,0.001,32.44,2841,781,0.7844,0.7308,3.342,25000.5
224,801121,,0.48914,-0.03189,0.00069,0.001288,0.47184,0.020434,0.086163,3.914828,18000.0,0.001,32.71,2607,559,0.8234,0.7913,3.373,25097.0
225,804298,,0.33872,-0.33002,-0.001002,0.001449,0.593293,0.017608,0.057979,17.650703,24000.0,0.001,32.79,2384,801,0.7485,0.7039,3.791,25194.0
226,808280,,0.54758,0.09579,0.004583,0.00083,0.540032,0.005962,0.058768,3.724737,15000.0,0.001,32.42,3112,878,0.7799,0.7745,3.397,25316.8
227,812830,,0.59236,0.18065,-0.00184,0.00084,0.50089,0.008746,0.061954,3.497336,14000.0,0.001,32.51,3430,1128,0.7525,0.7629,3.309,25456.8
228,817734,,0.52565,0.04941,-0.001097,0.000651,0.501567,0.009319,0.070847,5.920201,13000.0,0.001,32.56,3768,1144,0.7671,0.752,3.228,25607.4
229,822479,,0.53122,0.06363,0.001975,0.000688,0.524896,0.008265,0.065272,45.562092,15000.0,0.001,32.72,3584,1169,0.7541,0.7718,3.526,25752.4
230,828342,0.6575,0.62336,0.24088,0.00088,0.000544,0.483987,0.008293,0.059706,3.777205,18000.0,0.001,32.41,4219,1652,0.7186,0.7527,3.204,25946.7
231,831354,,0.46287,-0.0731,1.2e-05,0.001152,0.426075,0.004845,0.038456,2.575445,14000.0,0.001,32.19,2424,596,0.8026,0.8112,3.408,26040.3
232,834448,,0.44997,-0.11035,-0.00549,0.00093,0.547295,0.007787,0.052045,2.747134,15000.0,0.001,31.58,2381,721,0.7676,0.7193,3.58,26138.3
233,838150,,0.47069,-0.06086,-0.001622,0.00071,0.509522,0.006347,0.066865,6.568594,16000.0,0.001,32.24,2874,836,0.7747,0.7326,3.46,26253.1
234,841595,,0.40441,-0.21426,9e-06,0.000945,0.529526,0.00585,0.054209,3.868524,14000.0,0.001,31.49,2570,883,0.7443,0.6978,3.39,26362.6
235,846323,,0.45515,-0.08869,0.000695,0.000715,0.527661,0.005394,0.037641,7.394942,23000.0,0.001,31.94,3533,1203,0.746,0.769,3.69,26510.6
236,850095,,0.35928,-0.28751,0.001759,0.001098,0.610308,0.013768,0.073848,25.562101,18000.0,0.001,31.77,2729,1051,0.722,0.6996,3.797,26629.4
237,855305,,0.55746,0.10476,0.000297,0.000508,0.543785,0.006437,0.058283,6.221531,15000.0,0.001,31.79,3698,1520,0.7087,0.7273,3.428,26793.3
238,858901,,0.65694,0.30763,0.003614,0.000785,0.439752,0.009541,0.065463,5.512558,16000.0,0.001,32.0,2666,938,0.7397,0.8355,3.338,26905.6
239,863044,,0.52538,0.0492,0.002053,0.000839,0.491334,0.004738,0.038752,3.966765,14000.0,0.001,32.14,3105,1046,0.748,0.7737,3.485,27034.6
240,867192,0.6599999999999999,0.48336,-0.0612,0.003753,0.000883,0.486251,0.010616,0.068,4.291288,17000.0,0.001,31.64,3118,1038,0.7502,0.741,3.464,27181.2
241,871161,,0.47215,-0.06817,-0.011661,0.001008,0.484539,0.022626,0.080241,5.304473,12000.0,0.001,31.98,3183,794,0.8004,0.7808,3.447,27305.3
242,873672,,0.52441,0.03882,-0.002879,0.001235,0.571339,0.006027,0.051409,3.43711,12000.0,0.001,31.9,1839,680,0.7301,0.6893,3.443,27384.0
243,877802,,0.43425,-0.13602,0.005656,0.000964,0.557328,0.002909,0.040529,3.230693,13000.0,0.001,31.47,3115,1023,0.7528,0.6977,3.438,27515.3
244,880468,,0.55951,0.12162,-0.002377,0.001312,0.540265,0.008512,0.072444,5.013193,13000.0,0.001,31.52,1926,748,0.7203,0.775,3.372,27599.9
245,884960,,0.57462,0.12874,0.005133,0.000757,0.528259,0.007898,0.053265,3.575276,13000.0,0.001,31.6,3363,1137,0.7473,0.751,3.308,27742.1
246,889452,,0.49543,-0.02138,-0.004944,0.000847,0.503073,0.013621,0.063416,7.559054,14000.0,0.001,31.72,3514,986,0.7809,0.7911,3.225,27883.7
247,893712,,0.43396,-0.12792,0.001056,0.000982,0.544798,0.009308,0.060458,4.370986,12000.0,0.001,31.87,3446,822,0.8074,0.807,3.419,28017.4
248,897097,,0.52632,0.05264,0.001507,0.000984,0.677455,0.004842,0.033852,2.668427,19000.0,0.001,32.09,2379,1014,0.7011,0.7454,3.482,28122.9
249,900575,0.635,0.33925,-0.3323,-0.006861,0.001496,0.63225,0.011735,0.077635,3.519186,19000.0,0.001,32.03,2583,903,0.741,0.7204,3.564,28246.9
